KC157,Алматы,Москва,2025-12-07T01:53,2025-12-07T08:53,47538
KC540,Алматы,Париж,2025-12-07T10:53,2025-12-07T16:53,122988
KC910,Токио,Москва,2025-12-07T10:53,2025-12-07T15:53,91001
KC770,Нур-Султан,Лондон,2025-12-08T03:53,2025-12-08T09:53,63406
KC845,Париж,Токио,2025-12-08T14:53,2025-12-08T17:53,49915
KC117,Лондон,Москва,2025-12-09T04:53,2025-12-09T08:53,123292
KC151,Алматы,Москва,2025-12-09T05:53,2025-12-09T10:53,98234
KC990,Алматы,Лондон,2025-12-09T14:53,2025-12-09T16:53,94208
KC130,Токио,Нур-Султан,2025-12-10T00:53,2025-12-10T07:53,140003
KC912,Алматы,Токио,2025-12-10T02:53,2025-12-10T04:53,47769
KC352,Алматы,Лондон,2025-12-10T07:53,2025-12-10T14:53,129518
KC135,Москва,Токио,2025-12-10T07:53,2025-12-10T09:53,66446
KC690,Москва,Токио,2025-12-10T13:53,2025-12-10T21:53,58732
KC595,Токио,Нур-Султан,2025-12-10T19:53,2025-12-10T22:53,63488
KC405,Париж,Нур-Султан,2025-12-10T22:53,2025-12-11T07:53,62120
KC865,Париж,Токио,2025-12-11T16:53,2025-12-12T01:53,57331
KC198,Париж,Нур-Султан,2025-12-12T05:53,2025-12-12T09:53,95481
KC387,Алматы,Париж,2025-12-12T10:53,2025-12-12T16:53,44882
KC449,Нур-Султан,Токио,2025-12-12T22:53,2025-12-13T05:53,135252
KC288,Москва,Токио,2025-12-13T11:53,2025-12-13T18:53,143774
KC600,Париж,Алматы,2025-12-13T11:53,2025-12-13T16:53,54195
KC714,Москва,Нур-Султан,2025-12-13T13:53,2025-12-13T15:53,43971
KC949,Москва,Алматы,2025-12-13T18:53,2025-12-13T21:53,128313
KC817,Москва,Нур-Султан,2025-12-14T00:53,2025-12-14T08:53,48422
KC773,Лондон,Алматы,2025-12-14T01:53,2025-12-14T09:53,145693
KC592,Лондон,Париж,2025-12-14T05:53,2025-12-14T10:53,122791
KC137,Нур-Султан,Токио,2025-12-14T20:53,2025-12-15T01:53,44533
KC133,Алматы,Лондон,2025-12-15T00:53,2025-12-15T06:53,157262
KC977,Нур-Султан,Алматы,2025-12-15T02:53,2025-12-15T05:53,99512
KC446,Токио,Париж,2025-12-15T05:53,2025-12-15T11:53,68154
KC988,Лондон,Нур-Султан,2025-12-15T07:53,2025-12-15T15:53,91358
KC808,Алматы,Нур-Султан,2025-12-15T23:53,2025-12-16T07:53,41058
KC696,Париж,Токио,2025-12-16T01:53,2025-12-16T03:53,153616
KC552,Нур-Султан,Алматы,2025-12-16T08:53,2025-12-16T11:53,149049
KC568,Нур-Султан,Токио,2025-12-16T13:53,2025-12-16T17:53,47786
KC907,Париж,Лондон,2025-12-16T19:53,2025-12-16T21:53,60317
KC397,Москва,Париж,2025-12-16T19:53,2025-12-16T22:53,63088
KC727,Лондон,Токио,2025-12-16T21:53,2025-12-17T04:53,55862
KC728,Токио,Нур-Султан,2025-12-16T23:53,2025-12-17T01:53,147574
KC348,Москва,Париж,2025-12-17T03:53,2025-12-17T05:53,60818
KC225,Лондон,Алматы,2025-12-17T04:53,2025-12-17T13:53,82227
KC967,Париж,Нур-Султан,2025-12-17T06:53,2025-12-17T09:53,43580
KC273,Нур-Султан,Токио,2025-12-17T10:53,2025-12-17T12:53,137472
KC623,Токио,Париж,2025-12-17T11:53,2025-12-17T19:53,107350
KC569,Нур-Султан,Токио,2025-12-17T13:53,2025-12-17T21:53,151506
KC966,Лондон,Токио,2025-12-17T15:53,2025-12-17T20:53,120670
KC886,Париж,Токио,2025-12-17T16:53,2025-12-17T19:53,111339
KC765,Нур-Султан,Москва,2025-12-17T18:53,2025-12-17T20:53,73529
KC914,Москва,Париж,2025-12-17T21:53,2025-12-17T23:53,53878
KC562,Алматы,Париж,2025-12-17T22:53,2025-12-18T02:53,80953
KC941,Токио,Нур-Султан,2025-12-18T00:53,2025-12-18T05:53,79785
KC376,Москва,Токио,2025-12-18T02:53,2025-12-18T09:53,72843
KC699,Москва,Алматы,2025-12-18T06:53,2025-12-18T11:53,79481
KC646,Алматы,Лондон,2025-12-18T08:53,2025-12-18T13:53,135528
KC968,Москва,Париж,2025-12-18T09:53,2025-12-18T16:53,65555
KC595,Токио,Нур-Султан,2025-12-18T10:53,2025-12-18T17:53,101930
KC354,Париж,Нур-Султан,2025-12-18T14:53,2025-12-18T21:53,49392
KC786,Токио,Париж,2025-12-18T17:53,2025-12-18T20:53,48505
KC874,Лондон,Алматы,2025-12-18T20:53,2025-12-19T01:53,66987
KC555,Нур-Султан,Париж,2025-12-18T22:53,2025-12-19T05:53,49022
KC404,Токио,Нур-Султан,2025-12-18T22:53,2025-12-19T03:53,81099
KC524,Париж,Москва,2025-12-19T00:53,2025-12-19T02:53,61501
KC807,Москва,Алматы,2025-12-19T04:53,2025-12-19T09:53,159944
KC786,Париж,Алматы,2025-12-19T06:53,2025-12-19T08:53,125755
KC190,Париж,Лондон,2025-12-19T06:53,2025-12-19T10:53,65917
KC765,Алматы,Токио,2025-12-19T10:53,2025-12-19T19:53,56114
KC343,Лондон,Токио,2025-12-19T10:53,2025-12-19T13:53,136867
KC207,Лондон,Алматы,2025-12-19T14:53,2025-12-19T20:53,105689
KC234,Нур-Султан,Лондон,2025-12-19T15:53,2025-12-20T00:53,49596
KC990,Лондон,Нур-Султан,2025-12-19T18:53,2025-12-19T20:53,151575
KC161,Алматы,Нур-Султан,2025-12-19T20:53,2025-12-19T23:53,143069
KC504,Москва,Алматы,2025-12-19T21:53,2025-12-20T04:53,78655
KC182,Алматы,Нур-Султан,2025-12-20T00:53,2025-12-20T05:53,53890
KC314,Париж,Москва,2025-12-20T03:53,2025-12-20T05:53,145254
KC785,Москва,Алматы,2025-12-20T03:53,2025-12-20T12:53,96695
KC228,Алматы,Лондон,2025-12-20T06:53,2025-12-20T09:53,55338
KC640,Париж,Лондон,2025-12-20T08:53,2025-12-20T12:53,115623
KC553,Токио,Нур-Султан,2025-12-20T10:53,2025-12-20T18:53,61936
KC250,Париж,Лондон,2025-12-20T13:53,2025-12-20T19:53,43536
KC110,Нур-Султан,Париж,2025-12-20T16:53,2025-12-21T01:53,105644
KC451,Москва,Лондон,2025-12-20T18:53,2025-12-20T20:53,59266
KC631,Москва,Алматы,2025-12-20T20:53,2025-12-21T01:53,158247
KC109,Алматы,Париж,2025-12-20T23:53,2025-12-21T04:53,98709
KC979,Париж,Токио,2025-12-21T02:53,2025-12-21T08:53,148740
KC151,Москва,Алматы,2025-12-21T03:53,2025-12-21T10:53,152835
KC369,Москва,Лондон,2025-12-21T06:53,2025-12-21T09:53,49629
KC610,Париж,Москва,2025-12-21T06:53,2025-12-21T12:53,58139
KC604,Москва,Токио,2025-12-21T08:53,2025-12-21T11:53,143110
KC895,Лондон,Нур-Султан,2025-12-21T12:53,2025-12-21T17:53,145910
KC792,Москва,Лондон,2025-12-21T12:53,2025-12-21T14:53,155882
KC622,Москва,Токио,2025-12-21T16:53,2025-12-21T18:53,117847
KC223,Токио,Нур-Султан,2025-12-21T17:53,2025-12-21T19:53,46979
KC623,Нур-Султан,Лондон,2025-12-21T21:53,2025-12-22T02:53,55306
KC284,Москва,Париж,2025-12-21T21:53,2025-12-21T23:53,55818
KC374,Лондон,Париж,2025-12-22T00:53,2025-12-22T07:53,46328
KC201,Лондон,Париж,2025-12-22T02:53,2025-12-22T09:53,137438
KC718,Токио,Лондон,2025-12-22T04:53,2025-12-22T09:53,94078
KC146,Лондон,Нур-Султан,2025-12-22T07:53,2025-12-22T15:53,101059
KC121,Алматы,Токио,2025-12-22T09:53,2025-12-22T16:53,80252
KC410,Лондон,Париж,2025-12-22T10:53,2025-12-22T17:53,138275
KC478,Лондон,Алматы,2025-12-22T12:53,2025-12-22T14:53,110507
KC196,Москва,Алматы,2025-12-22T16:53,2025-12-22T20:53,121614
KC321,Алматы,Париж,2025-12-22T20:53,2025-12-23T00:53,48285
KC908,Москва,Лондон,2025-12-22T22:53,2025-12-23T01:53,60228
KC765,Нур-Султан,Алматы,2025-12-22T22:53,2025-12-23T07:53,77243
KC359,Париж,Лондон,2025-12-23T02:53,2025-12-23T04:53,139130
KC242,Нур-Султан,Токио,2025-12-23T02:53,2025-12-23T10:53,157636
KC254,Алматы,Лондон,2025-12-23T04:53,2025-12-23T12:53,154909
KC331,Москва,Алматы,2025-12-23T08:53,2025-12-23T16:53,151646
KC926,Токио,Париж,2025-12-23T10:53,2025-12-23T15:53,94513
KC938,Токио,Лондон,2025-12-23T11:53,2025-12-23T15:53,123560
KC502,Лондон,Париж,2025-12-23T14:53,2025-12-23T18:53,113022
KC784,Лондон,Нур-Султан,2025-12-23T17:53,2025-12-24T00:53,101703
KC104,Алматы,Лондон,2025-12-23T18:53,2025-12-24T02:53,45379
KC673,Лондон,Алматы,2025-12-23T21:53,2025-12-24T04:53,142489
KC245,Токио,Алматы,2025-12-23T23:53,2025-12-24T01:53,153427
KC683,Токио,Москва,2025-12-24T01:53,2025-12-24T03:53,137003
